<?xml version="1.0" encoding="UTF-8" standalone="yes"?>
<addons>
<addon id="plugin.video.cumination" name="Cumination" provider-name="Cumination" version="1.1.40">
    <requires>
        <import addon="script.module.six" />
        <import addon="script.module.kodi-six" />
        <import addon="script.module.resolveurl" version="5.0.00" />
        <import addon="script.module.resolveurl.xxx" version="2.0.1" />
        <import addon="script.common.plugin.cache" />
        <import addon="script.module.websocket" version="0.50.0" />
        <import addon="script.module.requests" optional="true" />
    </requires>
    <extension library="default.py" point="xbmc.python.pluginsource">
        <provides>video</provides>
    </extension>
    <extension point="xbmc.addon.metadata">
        <platform>all</platform>
        <license>GPL 2.0</license>
        <summary lang="en_GB">Cumination, the culmination of adult sites on Kodi</summary>
        <description lang="en_GB">Cumination, the culmination of adult sites on Kodi</description>
        <disclaimer lang="en_GB">The author does not host or distribute any of the content displayed by this addon. The author does not have any affiliation with the sites offered. Click on About from the contextmenu on each site to check for contact details.</disclaimer>
        <assets>
            <icon>icon.png</icon>
            <fanart>fanart.jpg</fanart>
        </assets>
    </extension>
</addon>

<addon id="plugin.video.uwc"
       name="Ultimate Whitecream"
       version="1.2.46"
       provider-name="Whitecream, holisticdioxide">
    <requires>
        <import addon="xbmc.python" version="2.1.0"/>
        <import addon="script.module.resolveurl" version="5.0.00"/>
        <import addon="script.module.resolveurl.xxx" version="2.0.01"/>
        <import addon="script.video.F4mProxy" version="2.5.7" />
		<import addon="script.module.requests" />

    </requires>
    <extension point="xbmc.python.pluginsource"
               library="default.py">
        <provides>video</provides>
    </extension>
    <extension point="xbmc.addon.metadata">
        <platform>all</platform>
        <license>GPL 2.0</license>
        <summary lang="en">Watch [COLOR red][B]ADULT[/B][/COLOR] Movies with Ultimate WhiteCream</summary>
        <description lang="en">Watch [COLOR red][B]ADULT[/B][/COLOR] Movies with Ultimate WhiteCream</description>
		<disclaimer lang="en">The author does not host or distribute any of the content displayed by this addon. The author does not have any affiliation with the content provider. DMCA - holisticdioxide@protonmail.com</disclaimer>
		<assets>
			<icon>icon.png</icon>
			<fanart>fanart.jpg</fanart>
		</assets>
        <news>[B]Version 1.2.46[/B]
Chaturbate fixed
Myfreecams fixed
Desixnxx fixed
FINALE RELEASE, CUMINATION FROM HERE ON
</news>
    </extension>
</addon>

<addon id="repository.dobbelina" name="[COLOR pink]Dobbelina Repository[/COLOR]" version="1.0.3" provider-name="dobbelina">
    <extension point="xbmc.addon.repository" name="[COLOR pink]Dobbelina Repository[/COLOR]">
    <dir>
        <info compressed="false">https://raw.githubusercontent.com/Gujal00/smrzips/master/addons.xml</info>
        <checksum>https://raw.githubusercontent.com/Gujal00/smrzips/master/addons.xml.md5</checksum>
        <datadir zip="true">https://raw.githubusercontent.com/Gujal00/smrzips/master/zips/</datadir>
</dir>
        <info compressed="false">https://raw.githubusercontent.com/dobbelina/repository.dobbelina/master/addons.xml</info>
        <checksum>https://raw.githubusercontent.com/dobbelina/repository.dobbelina/master/addons.xml.md5</checksum>
        <datadir zip="true">https://raw.githubusercontent.com/dobbelina/repository.dobbelina/master/</datadir>
    </extension>
    <extension point="xbmc.addon.metadata">
        <summary>Unofficial Addons for Kodi</summary>
		<description>For Cumination Updates
Please visit
https://github.com/dobbelina/repository.dobbelina/issues
for support!

Kodi is a registered trademark of the XBMC Foundation. We are not connected to or in any other way affiliated with Kodi, Team Kodi, or the XBMC Foundation.</description>
<disclaimer>The owners and submitters to this repository do not host or distribute any of the content displayed by these addons nor do they have any affiliation with the content providers.</disclaimer>
<forum>https://github.com/dobbelina/repository.dobbelina/issues</forum>
        <platform>all</platform>
    </extension>
</addon>

<addon id="script.video.F4mProxy" name="F4mProxy" version="2.8.8" provider-name="Shani">
    <requires>
        <import addon="xbmc.python" version="2.1.0" />
        <import addon="script.module.requests" />
    </requires>
    <extension point="xbmc.python.module" library="lib" />
    <extension point="xbmc.python.pluginsource" library="addon.py">
        <provides>executable</provides>
    </extension>
    <extension point="xbmc.addon.metadata">
        <platform>all</platform>
        <summary lang="en">Proxy for f4m</summary>
        <description lang="en">Use this addon to play F4m v1 and v2 streams</description>
    </extension>
</addon>
</addons>
